SITE,DATE,N CHICKS,GUILD,,
1,19-Jul-18,2,Bird,,
1,19-Jul-18,2,Mammal,,
1,19-Jul-18,2,Mammal,,
1,19-Jul-18,2,Other,,
1,19-Jul-18,2,Other,,
1,20-Jul-18,2,Bird,,
1,20-Jul-18,2,Mammal,,
1,20-Jul-18,2,Mammal,,
1,20-Jul-18,2,Other,,
1,21-Jul-18,2,Bird,,
1,21-Jul-18,2,Bird,,
1,21-Jul-18,2,Bird,,
1,21-Jul-18,2,Mammal,,
1,21-Jul-18,2,Mammal,,
1,21-Jul-18,2,Mammal,,
1,22-Jul-18,2,Bird,,
1,22-Jul-18,2,Mammal,,
1,22-Jul-18,2,Mammal,,
1,22-Jul-18,2,Mammal,,
1,22-Jul-18,2,Mammal,,
1,22-Jul-18,2,Mammal,,
1,22-Jul-18,2,Other,,
1,23-Jul-18,2,Bird,,
1,23-Jul-18,2,Bird,,
1,23-Jul-18,2,Mammal,,
1,23-Jul-18,2,Mammal,,
1,23-Jul-18,2,Other,,
1,23-Jul-18,2,Other,,
1,24-Jul-18,2,Mammal,,
1,24-Jul-18,2,Mammal,,
1,24-Jul-18,2,Mammal,,
1,24-Jul-18,2,Mammal,,
1,24-Jul-18,2,Mammal,,
1,24-Jul-18,2,Other,,
1,25-Jul-18,2,Bird,,
1,25-Jul-18,2,Bird,,
1,25-Jul-18,2,Bird,,
1,25-Jul-18,2,Mammal,,
1,25-Jul-18,2,Mammal,,
1,25-Jul-18,2,Mammal,,
1,25-Jul-18,2,Mammal,,
1,25-Jul-18,2,Mammal,,
1,26-Jul-18,2,Bird,,
1,26-Jul-18,2,Mammal,,
1,26-Jul-18,2,Mammal,,
1,26-Jul-18,2,Mammal,,
1,26-Jul-18,2,Mammal,,
1,26-Jul-18,2,Other,,
1,26-Jul-18,2,Other,,
1,27-Jul-18,2,Bird,,
1,27-Jul-18,2,Bird,,
1,27-Jul-18,2,Bird,,
1,27-Jul-18,2,Bird,,
1,27-Jul-18,2,Mammal,,
1,27-Jul-18,2,Mammal,,
1,27-Jul-18,2,Other,,
1,28-Jul-18,2,Bird,,
1,28-Jul-18,2,Bird,,
1,28-Jul-18,2,Bird,,
1,28-Jul-18,2,Mammal,,
1,28-Jul-18,2,Mammal,,
1,28-Jul-18,2,Mammal,,
1,28-Jul-18,2,Other,,
1,28-Jul-18,2,Other,,
1,29-Jul-18,2,Bird,,
1,29-Jul-18,2,BIrd,,
1,29-Jul-18,2,Mammal,,
1,29-Jul-18,2,Mammal,,
1,29-Jul-18,2,Mammal,,
1,29-Jul-18,2,Mammal,,
1,29-Jul-18,2,Mammal,,
1,29-Jul-18,2,Waterfowl,,
1,30-Jul-18,2,Bird,,
1,30-Jul-18,2,Bird,,
1,30-Jul-18,2,Bird,,
1,30-Jul-18,2,Mammal,,
1,30-Jul-18,2,Mammal,,
1,30-Jul-18,2,Mammal,,
1,30-Jul-18,2,Mammal,,
1,30-Jul-18,2,Mammal,,
1,30-Jul-18,2,Mammal,,
1,30-Jul-18,2,Mammal,,
1,30-Jul-18,2,Other,,
1,30-Jul-18,2,Waterfowl,,
1,30-Jul-18,2,Waterfowl,,
1,31-Jul-18,2,Bird,,
1,31-Jul-18,2,Bird,,
1,31-Jul-18,2,Bird,,
1,31-Jul-18,2,Bird,,
1,31-Jul-18,2,Mammal,,
1,31-Jul-18,2,Mammal,,
1,31-Jul-18,2,Mammal,,
1,31-Jul-18,2,Mammal,,
1,31-Jul-18,2,Mammal,,
1,31-Jul-18,2,Waterfowl,,
1,01-Aug-18,2,Bird,,
1,01-Aug-18,2,Mammal,,
1,01-Aug-18,2,Mammal,,
1,01-Aug-18,2,Mammal,,
1,01-Aug-18,2,Mammal,,
1,01-Aug-18,2,Mammal,,
1,01-Aug-18,2,Other,,
1,01-Aug-18,2,Waterfowl,,
1,02-Aug-18,2,Bird,,
1,02-Aug-18,2,Mammal,,
1,02-Aug-18,2,Mammal,,
1,02-Aug-18,2,Other,,
1,02-Aug-18,2,Waterfowl,,
1,02-Aug-18,2,Waterfowl,,
1,02-Aug-18,2,Waterfowl,,
1,03-Aug-18,2,Bird,,
1,03-Aug-18,2,Other,,
1,03-Aug-18,2,Waterfowl,,
1,04-Aug-18,2,Bird,,
1,04-Aug-18,2,Bird,,
1,04-Aug-18,2,Mammal,,
1,04-Aug-18,2,Mammal,,
1,04-Aug-18,2,Mammal,,
1,04-Aug-18,2,Mammal,,
1,04-Aug-18,2,Mammal,,
1,04-Aug-18,2,Other,,
1,05-Aug-18,2,Bird,,
1,05-Aug-18,2,Bird,,
1,05-Aug-18,2,Mammal,,
1,05-Aug-18,2,Waterfowl,,
1,05-Aug-18,2,Waterfowl,,
1,06-Aug-18,2,Bird,,
1,06-Aug-18,2,Bird,,
1,06-Aug-18,2,Bird,,
1,06-Aug-18,2,Mammal,,
1,06-Aug-18,2,Waterfowl,,
1,06-Aug-18,2,Waterfowl,,
1,07-Aug-18,2,Bird,,
1,07-Aug-18,2,Mammal,,
1,07-Aug-18,2,Other,,
1,07-Aug-18,2,other,,
1,08-Aug-18,2,Bird,,
1,08-Aug-18,2,Mammal,,
1,09-Aug-18,2,bird,,
1,09-Aug-18,2,Mammal,,
1,09-Aug-18,2,Mammal,,
1,09-Aug-18,2,Mammal,,
1,10-Aug-18,2,Mammal,,
1,10-Aug-18,2,Mammal,,
1,10-Aug-18,2,Mammal,,
1,11-Aug-18,2,Bird,,
1,11-Aug-18,2,Bird,,
1,11-Aug-18,2,Other ,,
1,12-Aug-18,2,Mammal,,
1,12-Aug-18,2,Mammal,,
1,13-Aug-18,2,bird,,
1,13-Aug-18,2,Mammal,,
1,13-Aug-18,2,Other,,
3,19-Jul-18,3,bird,,
3,19-Jul-18,3,Mammal,,
3,19-Jul-18,3,Other,,
3,20-Jul-18,4,Bird,,
3,20-Jul-18,3,Mammal,,
3,20-Jul-18,4,Mammal,,
3,20-Jul-18,3,Other,,
3,20-Jul-18,4,other,,
3,21-Jul-18,4,Bird,,
3,21-Jul-18,4,Bird,,
3,21-Jul-18,4,Bird,,
3,21-Jul-18,4,Mammal,,
3,21-Jul-18,4,Mammal,,
3,21-Jul-18,4,Mammal,,
3,21-Jul-18,4,other,,
3,21-Jul-18,4,other,,
3,21-Jul-18,4,Unknown,,
3,21-Jul-18,4,Unknown,,
3,22-Jul-18,4,bird,,
3,22-Jul-18,4,bird,,
3,22-Jul-18,4,Mammal,,
3,22-Jul-18,4,Mammal,,
3,22-Jul-18,4,Mammal,,
3,22-Jul-18,4,other,,
3,22-Jul-18,4,other,,
3,23-Jul-18,4,bird,,
3,23-Jul-18,4,Mammal,,
3,23-Jul-18,4,other,,
3,23-Jul-18,4,other,,
3,23-Jul-18,4,other,,
3,23-Jul-18,4,other,,
3,23-Jul-18,4,other,,
3,24-Jul-18,4,bird,,
3,24-Jul-18,4,Mammal,,
3,24-Jul-18,4,Mammal,,
3,24-Jul-18,4,Mammal,,
3,24-Jul-18,4,Mammal,,
3,24-Jul-18,4,other,,
3,24-Jul-18,4,other,,
3,24-Jul-18,4,other,,
3,24-Jul-18,4,other,,
3,24-Jul-18,4,other,,
3,25-Jul-18,4,Mammal,,
3,25-Jul-18,4,Mammal,,
3,25-Jul-18,4,Mammal,,
3,25-Jul-18,4,other,,
3,25-Jul-18,4,other,,
3,25-Jul-18,4,other,,
3,25-Jul-18,4,other,,
3,26-Jul-18,4,bird,,
3,26-Jul-18,4,bird,,
3,26-Jul-18,4,bird,,
3,26-Jul-18,4,bird,,
3,26-Jul-18,4,Mammal,,
3,26-Jul-18,4,Mammal,,
3,26-Jul-18,4,Mammal,,
3,26-Jul-18,4,other,,
3,27-Jul-18,4,bird,,
3,27-Jul-18,4,bird,,
3,27-Jul-18,4,Mammal,,
3,27-Jul-18,4,Mammal,,
3,27-Jul-18,4,other,,
3,27-Jul-18,4,other,,
3,28-Jul-18,4,bird,,
3,28-Jul-18,4,bird,,
3,28-Jul-18,4,Mammal,,
3,28-Jul-18,4,Mammal,,
3,28-Jul-18,4,Mammal,,
3,28-Jul-18,4,Mammal,,
3,28-Jul-18,4,other,,
3,28-Jul-18,4,other,,
3,28-Jul-18,4,other ,,
3,29-Jul-18,4,Mammal,,
3,29-Jul-18,4,Mammal,,
3,29-Jul-18,4,Mammal,,
3,29-Jul-18,4,Other,,
3,29-Jul-18,4,other,,
3,29-Jul-18,4,other,,
3,29-Jul-18,4,other,,
3,30-Jul-18,4,Bird,,
3,30-Jul-18,4,bird,,
3,30-Jul-18,4,other,,
3,30-Jul-18,4,other,,
3,06-Aug-18,3,Mammal,,
3,06-Aug-18,3,Waterfowl,,
3,07-Aug-18,3,Waterfowl,,
3,07-Aug-18,3,Waterfowl,,
3,08-Aug-18,3,Bird,,
3,08-Aug-18,3,Bird,,
3,08-Aug-18,3,Mammal,,
3,08-Aug-18,3,Mammal,,
3,08-Aug-18,3,Waterfowl,,
3,09-Aug-18,2,bird,,
3,09-Aug-18,2,Waterfowl,,
3,10-Aug-18,2,bird,,
3,11-Aug-18,1,bird,,
3,11-Aug-18,1,bird,,
3,11-Aug-18,2,other,,
18,2018-07-14,2,Mammal,,
18,2018-07-14,2,Mammal,,
18,2018-07-14,2,Mammal,,
18,2018-07-14,2,Mammal,,
18,15-Jul-18,2,bird,,
18,15-Jul-18,3,Bird,,
18,15-Jul-18,2,Mammal,,
18,15-Jul-18,3,Mammal,,
18,15-Jul-18,2,other,,
18,15-Jul-18,3,Unknown,,
18,16-Jul-18,3,Bird,,
18,16-Jul-18,3,Mammal,,
18,16-Jul-18,3,Mammal,,
18,16-Jul-18,3,Mammal,,
18,16-Jul-18,3,Mammal,,
18,16-Jul-18,3,other,,
18,17-Jul-18,4,Bird,,
18,17-Jul-18,4,bird,, 
18,17-Jul-18,4,bird,,
18,17-Jul-18,4,bird,,
18,17-Jul-18,4,bird,,
18,17-Jul-18,4,bird,,
18,17-Jul-18,4,Mammal,,
18,17-Jul-18,4,other,,
18,17-Jul-18,4,other,,
18,18-Jul-18,4,bird,,
18,18-Jul-18,4,bird,,
18,18-Jul-18,4,Mammal,,
18,18-Jul-18,4,Mammal,,
18,18-Jul-18,4,other,,
18,19-Jul-18,4,bird,,
18,19-Jul-18,4,bird,,
18,19-Jul-18,4,Mammal,,
18,19-Jul-18,4,Mammal,,
18,19-Jul-18,4,Mammal,,
18,19-Jul-18,4,Mammal,,
18,19-Jul-18,4,other,,
18,20-Jul-18,4,bird,,
18,20-Jul-18,4,bird,,
18,20-Jul-18,4,Mammal,,
18,20-Jul-18,4,Mammal,,
18,20-Jul-18,4,Mammal,,
18,21-Jul-18,4,bird,,
18,21-Jul-18,4,bird,,
18,21-Jul-18,4,Mammal,,
18,21-Jul-18,4,Mammal,,
18,21-Jul-18,4,Mammal,,
18,21-Jul-18,4,Mammal,,
18,21-Jul-18,4,Mammal,,
18,22-Jul-18,4,bird,,
18,22-Jul-18,4,bird,,
18,22-Jul-18,4,Mammal,,
18,22-Jul-18,4,Mammal,,
18,22-Jul-18,4,Mammal,,
18,22-Jul-18,4,Mammal,,
18,22-Jul-18,4,Mammal,,
18,22-Jul-18,4,Mammal,,
18,23-Jul-18,4,Mammal,,
18,23-Jul-18,4,Mammal,,
18,23-Jul-18,4,Mammal,,
18,23-Jul-18,4,Mammal,,
18,23-Jul-18,4,Mammal,,
18,23-Jul-18,4,Mammal,,
18,23-Jul-18,4,other,,
18,24-Jul-18,4,bird,,
18,24-Jul-18,4,Mammal,,
18,24-Jul-18,4,Mammal,,
18,24-Jul-18,4,Mammal,,
18,24-Jul-18,4,Mammal,,
18,24-Jul-18,4,Mammal,,
18,24-Jul-18,4,Mammal,,
18,25-Jul-18,4,Bird,,
18,25-Jul-18,4,Bird,,
18,25-Jul-18,4,Bird,,
18,25-Jul-18,4,Bird,,
18,25-Jul-18,4,Mammal,,
18,25-Jul-18,4,Mammal,,
18,25-Jul-18,4,Mammal,,
18,25-Jul-18,4,Mammal,,
18,26-Jul-18,4,Bird,,
18,26-Jul-18,4,Mammal,,
18,26-Jul-18,4,Mammal,,
18,26-Jul-18,4,Mammal,,
18,26-Jul-18,4,Mammal,,
18,26-Jul-18,4,Mammal,,
18,26-Jul-18,4,Mammal,,
18,26-Jul-18,4,Mammal,,
18,26-Jul-18,4,other,,
18,27-Jul-18,4,bird,,
18,27-Jul-18,4,Bird,,
18,27-Jul-18,4,Mammal,,
18,27-Jul-18,4,Mammal,,
18,27-Jul-18,4,Mammal,,
18,27-Jul-18,4,Mammal,,
18,27-Jul-18,4,other,,
18,28-Jul-18,4,bird,,
18,28-Jul-18,4,Mammal,,
18,28-Jul-18,4,Mammal,,
18,28-Jul-18,4,Mammal,,
18,28-Jul-18,4,other,,
18,28-Jul-18,4,other,,
18,28-Jul-18,4,other,,
18,28-Jul-18,4,other,,
18,29-Jul-18,4,bird,,
18,29-Jul-18,4,Mammal,,
18,29-Jul-18,4,other,,
18,29-Jul-18,4,other,,
18,29-Jul-18,4,other,,
18,29-Jul-18,4,other,,
18,29-Jul-18,4,other,,
18,29-Jul-18,4,other,,
18,29-Jul-18,4,other,,
18,29-Jul-18,4,other,,
18,29-Jul-18,4,other,,
18,30-Jul-18,4,Mammal,,
18,30-Jul-18,4,Mammal,,
18,30-Jul-18,4,other,,
18,30-Jul-18,4,other,,
18,30-Jul-18,4,other,,
18,30-Jul-18,4,other,,
18,30-Jul-18,4,other,,
18,31-Jul-18,3,bird,,
18,31-Jul-18,3,bird,,
18,31-Jul-18,3,bird,,
18,31-Jul-18,3,bird,,
18,31-Jul-18,3,bird,,
18,31-Jul-18,3,Mammal,,
18,31-Jul-18,3,Mammal,,
18,31-Jul-18,3,other,,
18,31-Jul-18,3,other,,
18,31-Jul-18,3,other,,
18,31-Jul-18,3,other,,
18,31-Jul-18,3,other,,
18,01-Aug-18,3,bird,,
18,01-Aug-18,3,bird,,
18,01-Aug-18,3,bird,,
18,01-Aug-18,3,Mammal,,
18,01-Aug-18,3,other,,
18,01-Aug-18,3,other,,
18,02-Aug-18,3,bird,,
18,02-Aug-18,3,Mammal,,
18,02-Aug-18,3,Mammal,,
18,02-Aug-18,3,Mammal,,
18,02-Aug-18,3,other,,
18,02-Aug-18,3,other,,
18,02-Aug-18,3,other,,
18,02-Aug-18,3,Waterfowl,,
18,03-Aug-18,3,bird,,
18,03-Aug-18,3,bird,,
18,03-Aug-18,3,bird,,
18,03-Aug-18,3,bird,,
18,03-Aug-18,3,bird,,
18,03-Aug-18,3,bird,,
18,03-Aug-18,3,bird,,
18,03-Aug-18,3,bird,,
18,03-Aug-18,3,bird,,
18,03-Aug-18,3,bird,,
18,03-Aug-18,3,Mammal,,
18,03-Aug-18,3,other,,
18,04-Aug-18,3,Bird,,
18,04-Aug-18,3,Bird,,
18,04-Aug-18,3,bird,,
18,04-Aug-18,3,bird,,
18,04-Aug-18,3,bird,,
18,04-Aug-18,3,Bird,,
18,04-Aug-18,3,Mammal,,
18,04-Aug-18,3,Mammal,,
18,04-Aug-18,3,other,,
18,04-Aug-18,3,other,,
18,04-Aug-18,3,other,,
18,04-Aug-18,3,Waterfowl,,
18,05-Aug-18,3,Bird,,
18,05-Aug-18,3,Bird,,
18,05-Aug-18,3,Bird,,
18,05-Aug-18,3,bird,,
18,05-Aug-18,3,Bird,,
18,05-Aug-18,3,Bird,,
18,05-Aug-18,3,Bird,,
18,05-Aug-18,3,Mammal,,
18,05-Aug-18,3,Mammal,,
18,05-Aug-18,3,Mammal,,
18,05-Aug-18,3,Mammal,,
18,05-Aug-18,3,Mammal,,
18,05-Aug-18,3,Mammal,,
18,05-Aug-18,3,other,,
18,06-Aug-18,3,bird,,
18,06-Aug-18,3,bird,,
18,06-Aug-18,3,bird,,
18,06-Aug-18,3,bird,,
18,06-Aug-18,3,bird,,
18,06-Aug-18,3,bird,,
18,06-Aug-18,3,bird,,
18,06-Aug-18,3,bird,,
18,06-Aug-18,3,Mammal,,
18,06-Aug-18,3,Mammal,,
18,06-Aug-18,3,Mammal,,
18,07-Aug-18,3,bird,,
18,07-Aug-18,3,bird,,
18,07-Aug-18,3,bird,,
18,07-Aug-18,3,bird,,
18,07-Aug-18,3,bird,,
18,07-Aug-18,3,bird,,
18,07-Aug-18,3,bird,,
18,07-Aug-18,3,bird,,
18,07-Aug-18,3,Mammal,,
18,07-Aug-18,3,Mammal,,
18,08-Aug-18,3,bird,,
18,08-Aug-18,3,bird,,
18,08-Aug-18,3,bird,,
18,08-Aug-18,3,Mammal,,
18,08-Aug-18,3,Mammal,,
18,08-Aug-18,3,Mammal,,
18,08-Aug-18,3,Mammal,,
18,09-Aug-18,3,bird,,
18,09-Aug-18,3,bird,,
18,09-Aug-18,3,Mammal,,
18,09-Aug-18,3,Mammal,,
18,09-Aug-18,3,other,,
18,09-Aug-18,3,other,,
18,09-Aug-18,3,other,,
18,10-Aug-18,3,bird,,
18,10-Aug-18,3,bird,,
18,10-Aug-18,3,other,,
18,12-Aug-18,3,Mammal,,
18,13-Aug-18,3,bird,,
22,13-Jul-18,2,bird,,
22,13-Jul-18,2,Mammal,,
22,13-Jul-18,2,Mammal,,
22,13-Jul-18,2,Mammal,,
22,14-Jul-18,3,Mammal,,
22,14-Jul-18,3,Mammal,,
22,14-Jul-18,3,Mammal,,
22,14-Jul-18,3,Mammal,,
22,15-Jul-18,3,bird,,
22,15-Jul-18,3,Mammal,,
22,15-Jul-18,3,Mammal,,
22,15-Jul-18,3,other,,
22,15-Jul-18,3,other,,
22,16-Jul-18,3,Mammal,,
22,16-Jul-18,3,Mammal,,
22,16-Jul-18,3,Mammal,,
22,16-Jul-18,3,other,,
22,16-Jul-18,3,other,,
22,17-Jul-18,3,bird,,
22,17-Jul-18,3,bird,,
22,17-Jul-18,3,bird,,
22,17-Jul-18,3,Mammal,,
22,17-Jul-18,3,Mammal,,
22,18-Jul-18,3,bird,,
22,18-Jul-18,3,bird,,
22,18-Jul-18,3,bird,,
22,18-Jul-18,3,bird,,
22,18-Jul-18,3,Mammal,,
22,18-Jul-18,3,Mammal,,
22,18-Jul-18,3,Mammal,,
22,19-Jul-18,3,bird,,
22,19-Jul-18,3,bird,,
22,19-Jul-18,3,bird,,
22,19-Jul-18,3,Mammal,,
22,19-Jul-18,3,Mammal,,
22,19-Jul-18,3,other,,
22,20-Jul-18,3,bird,,
22,20-Jul-18,3,bird,,
22,20-Jul-18,3,bird,,
22,20-Jul-18,3,bird,,
22,20-Jul-18,3,Mammal,,
22,20-Jul-18,3,Mammal,,
22,20-Jul-18,3,other,,
22,20-Jul-18,3,other,,
22,20-Jul-18,3,other,,
22,21-Jul-18,3,bird,,
22,21-Jul-18,3,Bird,,
22,21-Jul-18,3,bird,,
22,21-Jul-18,3,bird,,
22,21-Jul-18,3,Mammal,,
22,21-Jul-18,3,other,,
22,21-Jul-18,3,other,,
22,22-Jul-18,3,bird,,
22,22-Jul-18,3,bird,,
22,22-Jul-18,3,Mammal,,
22,22-Jul-18,3,Mammal,,
22,22-Jul-18,3,Mammal,,
22,22-Jul-18,3,Waterfowl,,
22,23-Jul-18,3,bird,,
22,23-Jul-18,3,bird,,
22,23-Jul-18,3,Mammal,,
22,23-Jul-18,3,Mammal,,
22,23-Jul-18,3,Waterfowl,,
22,23-Jul-18,3,Waterfowl,,
22,23-Jul-18,3,Waterfowl,,
22,24-Jul-18,3,bird,,
22,24-Jul-18,3,bird,,
22,24-Jul-18,3,bird,,
22,24-Jul-18,3,Mammal,,
22,24-Jul-18,3,other,,
22,24-Jul-18,3,Waterfowl,,
22,24-Jul-18,3,Waterfowl,,
29,15-Jul-18,2,bird,,
29,15-Jul-18,2,bird,,
29,15-Jul-18,2,bird,,
29,15-Jul-18,2,bird,,
29,15-Jul-18,2,bird,,
29,15-Jul-18,2,bird,,
29,15-Jul-18,2,other,,
29,16-Jul-18,3,bird,,
29,16-Jul-18,3,bird,,
29,16-Jul-18,3,other,,
29,17-Jul-18,2,bird,,
29,17-Jul-18,3,bird,,
29,24-Jul-18,1,bird,,
29,24-Jul-18,1,other,,
29,24-Jul-18,1,other,,
29,25-Jul-18,1,bird,,
29,25-Jul-18,1,bird,,
29,25-Jul-18,1,bird,,
29,25-Jul-18,1,bird,,
29,25-Jul-18,1,bird,,
29,25-Jul-18,1,other,,
29,26-Jul-18,1,bird,,
29,26-Jul-18,1,bird,,
29,26-Jul-18,1,Mammal,,
29,26-Jul-18,1,Mammal,,
29,27-Jul-18,1,bird,,
29,27-Jul-18,1,bird,,
29,27-Jul-18,1,bird,,
29,27-Jul-18,1,bird,,
29,27-Jul-18,1,Mammal,,
29,27-Jul-18,1,other,,
29,28-Jul-18,1,bird,,
29,28-Jul-18,1,bird,,
29,28-Jul-18,1,bird,,
29,28-Jul-18,1,Mammal,,
29,28-Jul-18,1,Mammal,,
29,28-Jul-18,1,Mammal,,
29,28-Jul-18,1,other,,
29,29-Jul-18,1,bird,,
29,29-Jul-18,1,bird,,
29,29-Jul-18,1,bird,,
29,29-Jul-18,1,bird,,
29,29-Jul-18,1,bird,,
29,29-Jul-18,1,Mammal,,
29,29-Jul-18,1,Mammal,,
29,30-Jul-18,1,bird,,
29,30-Jul-18,1,bird,,
29,30-Jul-18,1,bird,,
29,30-Jul-18,1,bird,,
29,30-Jul-18,1,bird,,
29,30-Jul-18,1,Mammal,,
29,30-Jul-18,1,Mammal,,
29,30-Jul-18,1,other,,
29,01-Aug-18,1,bird,,
29,01-Aug-18,1,bird,,
29,01-Aug-18,1,bird,,
29,02-Aug-18,1,bird,,
29,02-Aug-18,1,bird,,
29,02-Aug-18,1,bird,,
29,02-Aug-18,1,bird,,
29,02-Aug-18,1,Mammal,,
29,02-Aug-18,1,Mammal,,
29,02-Aug-18,1,Mammal,,
29,02-Aug-18,1,other,,
29,03-Aug-18,1,bird,,
29,03-Aug-18,1,bird,,
29,03-Aug-18,1,Mammal,,
29,03-Aug-18,1,other,,
29,03-Aug-18,1,other,,
29,03-Aug-18,1,other,,
29,03-Aug-18,1,Waterfowl,,
29,04-Aug-18,1,bird,,
29,04-Aug-18,1,Bird,,
29,04-Aug-18,1,bird,,
29,04-Aug-18,1,bird,,
29,04-Aug-18,1,bird,,
29,04-Aug-18,1,Bird,,
29,04-Aug-18,1,Mammal,,
29,04-Aug-18,1,Mammal,,
29,05-Aug-18,1,bird,,
29,05-Aug-18,1,bird,,
29,05-Aug-18,1,Mammal,,
29,05-Aug-18,1,Mammal,,
29,05-Aug-18,1,Mammal,,
29,05-Aug-18,1,Mammal,,
29,05-Aug-18,1,Waterfowl,,
29,06-Aug-18,1,bird,,
29,06-Aug-18,1,bird,,
29,06-Aug-18,1,bird,,
29,06-Aug-18,1,bird,,
29,06-Aug-18,1,bird,,
29,06-Aug-18,1,bird,,
29,06-Aug-18,1,bird,,
29,06-Aug-18,1,bird,,
29,06-Aug-18,1,Mammal,,
29,07-Aug-18,1,other,,
30,19-Jul-18,3,bird,,
30,19-Jul-18,3,Waterfowl,,
30,19-Jul-18,3,Waterfowl,,
30,20-Jul-18,3,bird,,
30,20-Jul-18,3,bird,,
30,20-Jul-18,3,Waterfowl,,
30,20-Jul-18,3,Waterfowl,,
30,20-Jul-18,3,Waterfowl,,
30,21-Jul-18,3,bird,,
30,21-Jul-18,3,bird,,
30,21-Jul-18,3,Waterfowl,,
30,21-Jul-18,3,Waterfowl,,
30,21-Jul-18,3,Waterfowl,,
30,22-Jul-18,3,bird,,
30,22-Jul-18,3,bird,,
30,22-Jul-18,3,bird,,
30,22-Jul-18,3,bird,,
30,22-Jul-18,3,bird,,
30,22-Jul-18,3,Waterfowl,,
30,22-Jul-18,3,Waterfowl,,
30,23-Jul-18,3,bird,,
30,23-Jul-18,3,bird,,
30,23-Jul-18,3,bird,,
30,23-Jul-18,3,other,,
30,23-Jul-18,3,Waterfowl,,
30,23-Jul-18,3,Waterfowl,,
30,24-Jul-18,3,bird,,
30,24-Jul-18,3,other,,
30,25-Jul-18,3,other,,
30,26-Jul-18,3,other,,
30,26-Jul-18,3,other,,
30,27-Jul-18,3,other,,
30,27-Jul-18,3,other,,
30,28-Jul-18,3,bird,,
30,29-Jul-18,3,other,,
30,29-Jul-18,3,other,,
30,31-Jul-18,3,bird,,
30,01-Aug-18,3,bird,,
30,01-Aug-18,3,bird,,
30,01-Aug-18,3,bird,,
30,01-Aug-18,3,other,,
30,03-Aug-18,3,bird,,
33,20-Jul-18,2,bird,,
33,20-Jul-18,1,Mammal,,
33,20-Jul-18,1,Mammal,,
33,20-Jul-18,2,Mammal,,
33,20-Jul-18,2,Mammal,,
33,21-Jul-18,2,Mammal,,
33,21-Jul-18,2,other,,
33,21-Jul-18,2,other,,
33,25-Jul-18,2,Mammal,,
33,25-Jul-18,2,Mammal,,
33,26-Jul-18,2,bird,,
33,26-Jul-18,2,bird,,
33,26-Jul-18,2,bird,,
33,26-Jul-18,2,Mammal,,
33,27-Jul-18,2,bird,,
33,27-Jul-18,2,bird,,
33,27-Jul-18,2,bird,,
33,27-Jul-18,2,bird,,
33,27-Jul-18,2,Mammal,,
33,27-Jul-18,2,Mammal,,
33,27-Jul-18,2,other,,
33,28-Jul-18,2,bird,,
33,28-Jul-18,2,bird,,
33,28-Jul-18,2,bird,,
33,28-Jul-18,2,bird,,
33,28-Jul-18,2,bird,,
33,28-Jul-18,2,Mammal,,
33,28-Jul-18,2,Mammal,,
33,29-Jul-18,2,bird,,
33,29-Jul-18,2,bird,,
33,29-Jul-18,2,bird,,
33,29-Jul-18,2,bird,,
33,29-Jul-18,2,Mammal,,
33,29-Jul-18,2,other,,
33,30-Jul-18,2,bird,,
33,30-Jul-18,2,bird,,
33,30-Jul-18,2,bird,,
33,30-Jul-18,2,Waterfowl,,
33,30-Jul-18,2,Waterfowl,,
33,31-Jul-18,2,bird,,
33,31-Jul-18,2,bird,,
33,31-Jul-18,2,bird,,
33,31-Jul-18,2,bird,,
33,31-Jul-18,2,bird,,
33,31-Jul-18,2,Mammal,,
33,31-Jul-18,2,Mammal,,
33,31-Jul-18,2,other,,
33,01-Aug-18,2,bird,,
33,01-Aug-18,2,bird,,
33,01-Aug-18,2,bird,,
33,01-Aug-18,2,bird,,
33,01-Aug-18,2,bird,,
33,01-Aug-18,2,bird,,
33,01-Aug-18,2,Mammal,,
33,01-Aug-18,2,Mammal,,
33,01-Aug-18,2,Waterfowl,,
33,02-Aug-18,2,bird,,
33,02-Aug-18,2,bird,,
33,02-Aug-18,2,bird,,
33,02-Aug-18,2,bird,,
33,02-Aug-18,2,bird,,
33,02-Aug-18,2,bird,,
33,02-Aug-18,2,bird,,
33,02-Aug-18,2,bird,,
33,02-Aug-18,2,Mammal,,
33,02-Aug-18,2,other,,
33,02-Aug-18,2,Waterfowl,,
33,02-Aug-18,2,Waterfowl,,
33,02-Aug-18,2,Waterfowl,,
33,03-Aug-18,2,bird,,
33,03-Aug-18,2,bird,,
33,03-Aug-18,2,bird,,
33,03-Aug-18,2,bird,,
33,03-Aug-18,2,bird,,
33,03-Aug-18,2,bird,,
33,03-Aug-18,2,bird,,
33,03-Aug-18,2,Mammal,,
33,03-Aug-18,2,Mammal,,
33,03-Aug-18,2,other,,
33,04-Aug-18,2,bird,,
33,04-Aug-18,2,bird,,
33,04-Aug-18,2,bird,,
33,04-Aug-18,2,Mammal,,
33,04-Aug-18,2,Mammal,,
33,04-Aug-18,2,Mammal,,
33,04-Aug-18,2,other,,
33,04-Aug-18,2,Waterfowl,,
33,04-Aug-18,2,Waterfowl,,
33,05-Aug-18,2,bird,,
33,05-Aug-18,2,bird,,
33,05-Aug-18,2,bird,,
33,05-Aug-18,2,bird,,
33,05-Aug-18,2,bird,,
33,05-Aug-18,2,bird,,
33,05-Aug-18,2,bird,,
33,05-Aug-18,2,bird,,
33,05-Aug-18,2,Mammal,,
33,05-Aug-18,2,Mammal,,
33,05-Aug-18,2,Mammal,,
33,05-Aug-18,2,Mammal,,
33,06-Aug-18,2,bird,,
33,06-Aug-18,2,bird,,
33,06-Aug-18,2,bird,,
33,06-Aug-18,2,bird,,
33,06-Aug-18,2,bird,,
33,06-Aug-18,2,Mammal,,
33,06-Aug-18,2,Mammal,,
33,06-Aug-18,2,Mammal,,
33,06-Aug-18,2,Mammal,,
33,06-Aug-18,2,Mammal,,
33,06-Aug-18,2,Waterfowl,,
33,06-Aug-18,2,Waterfowl,,
33,08-Aug-18,2,bird,,
33,08-Aug-18,2,Mammal,,
33,08-Aug-18,2,Mammal,,
33,08-Aug-18,2,Mammal,,
33,09-Aug-18,2,bird,,
33,09-Aug-18,2,Mammal,,
33,09-Aug-18,2,Mammal,,
33,09-Aug-18,2,Mammal,,
33,10-Aug-18,2,bird,,
33,10-Aug-18,2,bird,,
33,10-Aug-18,2,Mammal,,
33,10-Aug-18,2,Waterfowl,,
33,11-Aug-18,2,bird,,
33,11-Aug-18,2,bird,,
33,11-Aug-18,2,Mammal,,
33,11-Aug-18,2,Mammal,,
33,11-Aug-18,2,other,,
33,11-Aug-18,2,other,,
33,11-Aug-18,2,other,,
33,12-Aug-18,2,bird,,
33,12-Aug-18,2,bird,,
33,12-Aug-18,2,Mammal,,
33,12-Aug-18,2,Mammal,,
33,13-Aug-18,2,bird,,
33,13-Aug-18,2,bird,,
33,13-Aug-18,2,bird,,
33,13-Aug-18,2,bird,,
33,13-Aug-18,2,bird,,
33,13-Aug-18,2,bird,,
33,13-Aug-18,2,bird,,
33,13-Aug-18,2,other,,
33,13-Aug-18,2,other,,
33,13-Aug-18,2,other,,
45,19-Jul-18,2,bird,,
45,19-Jul-18,2,other,,
45,20-Jul-18,3,bird,,
45,20-Jul-18,3,bird,,
45,20-Jul-18,3,bird,,
45,20-Jul-18,3,bird,,
45,20-Jul-18,3,other,,
45,21-Jul-18,3,bird,,
45,21-Jul-18,3,bird,,
45,21-Jul-18,3,bird,,
45,21-Jul-18,3,Mammal,,
45,22-Jul-18,3,bird,,
45,22-Jul-18,3,bird,,
45,22-Jul-18,3,bird,,
45,22-Jul-18,3,bird,,
45,22-Jul-18,3,bird,,
45,22-Jul-18,3,bird,,
45,22-Jul-18,3,bird,,
45,22-Jul-18,3,Mammal,,
45,22-Jul-18,3,other,,
45,23-Jul-18,3,bird,,
45,23-Jul-18,3,bird,,
45,23-Jul-18,3,bird,,
45,23-Jul-18,3,bird,,
45,23-Jul-18,3,bird,,
45,23-Jul-18,3,Mammal,,
45,23-Jul-18,3,Mammal,,
45,24-Jul-18,3,bird,,
45,24-Jul-18,3,bird,,
45,24-Jul-18,3,bird,,
45,24-Jul-18,3,bird,,
45,24-Jul-18,3,Mammal,,
45,25-Jul-18,3,bird,,
45,25-Jul-18,3,bird,,
45,25-Jul-18,3,bird,,
45,25-Jul-18,3,bird,,
45,25-Jul-18,3,bird,,
45,25-Jul-18,3,bird,,
45,25-Jul-18,3,bird,,
45,25-Jul-18,3,bird,,
45,25-Jul-18,3,other,,
45,26-Jul-18,3,bird,,
45,26-Jul-18,3,bird,,
45,26-Jul-18,3,bird,,
45,26-Jul-18,3,bird,,
45,26-Jul-18,3,bird,,
45,26-Jul-18,3,Mammal,,
45,26-Jul-18,3,Mammal,,
45,26-Jul-18,3,Mammal,,
45,27-Jul-18,3,bird,,
45,27-Jul-18,3,bird,,
45,27-Jul-18,3,bird,,
45,27-Jul-18,3,Mammal,,
45,27-Jul-18,3,Mammal,,
45,27-Jul-18,3,Mammal,,
45,06-Aug-18,3,bird,,
45,06-Aug-18,3,bird,,
45,06-Aug-18,3,bird,,
45,06-Aug-18,3,bird,,
45,06-Aug-18,3,bird,,
45,06-Aug-18,3,Mammal,,
45,06-Aug-18,3,Mammal,,
45,06-Aug-18,3,Waterfowl,,
45,06-Aug-18,3,Waterfowl,,
45,06-Aug-18,3,Waterfowl,,
45,07-Aug-18,3,bird,,
45,07-Aug-18,3,bird,,
45,07-Aug-18,3,bird,,
45,07-Aug-18,3,other,,
45,07-Aug-18,3,other,,
45,07-Aug-18,3,Waterfowl,,
45,07-Aug-18,3,Waterfowl,,
45,07-Aug-18,3,Waterfowl,,
45,07-Aug-18,3,Waterfowl,,
45,08-Aug-18,3,bird,,
45,08-Aug-18,3,bird,,
45,08-Aug-18,3,bird,,
45,08-Aug-18,3,bird,,
45,08-Aug-18,3,bird,,
45,08-Aug-18,3,bird,,
45,08-Aug-18,3,bird,,
45,08-Aug-18,3,other,,
45,08-Aug-18,3,Waterfowl,,
45,08-Aug-18,3,Waterfowl,,
45,08-Aug-18,3,Waterfowl,,
45,08-Aug-18,3,Waterfowl,,
45,08-Aug-18,3,Waterfowl,,
45,08-Aug-18,3,Waterfowl,,
45,08-Aug-18,3,Waterfowl,,
45,09-Aug-18,3,bird,,
45,09-Aug-18,3,bird,,
45,09-Aug-18,3,bird,,
45,09-Aug-18,3,bird,,
45,09-Aug-18,3,bird,,
45,09-Aug-18,3,bird,,
45,09-Aug-18,3,other,,
45,09-Aug-18,3,Waterfowl,,
45,09-Aug-18,3,Waterfowl,,
45,09-Aug-18,3,Waterfowl,,
45,09-Aug-18,3,Waterfowl,,
45,09-Aug-18,3,Waterfowl,,
45,10-Aug-18,3,bird,,
45,10-Aug-18,3,bird,,
45,10-Aug-18,3,bird,,
45,10-Aug-18,3,bird,,
45,10-Aug-18,3,bird,,
45,10-Aug-18,3,bird,,
45,10-Aug-18,3,bird,,
45,10-Aug-18,3,Waterfowl,,
45,10-Aug-18,3,Waterfowl,,
45,10-Aug-18,3,Waterfowl,,
45,10-Aug-18,3,Waterfowl,,
45,10-Aug-18,3,Waterfowl,,
45,11-Aug-18,3,bird,,
45,11-Aug-18,3,other,,
45,11-Aug-18,3,Waterfowl,,
45,11-Aug-18,3,Waterfowl,,
45,12-Aug-18,3,bird,,
45,12-Aug-18,3,other,,
45,12-Aug-18,3,other,,
45,12-Aug-18,3,other,,
45,12-Aug-18,3,Waterfowl,,
45,13-Aug-18,3,bird,,
45,13-Aug-18,3,bird,,
45,13-Aug-18,3,bird,,
45,13-Aug-18,3,bird,,
45,13-Aug-18,3,bird,,
45,13-Aug-18,3,other,,
45,13-Aug-18,3,Waterfowl,,
45,14-Aug-18,3,bird,,
45,14-Aug-18,3,bird,,
47,25-Jul-18,3,Mammal,,
47,25-Jul-18,3,Mammal,,
47,25-Jul-18,3,Unknown,,
47,26-Jul-18,3,Mammal,,
47,26-Jul-18,3,Mammal,,
47,26-Jul-18,3,Mammal,,
47,26-Jul-18,3,Mammal,,
47,27-Jul-18,3,Mammal,,
47,27-Jul-18,3,Mammal,,
47,27-Jul-18,3,Mammal,,
47,27-Jul-18,3,Mammal,,
47,27-Jul-18,3,Mammal,,
47,27-Jul-18,3,Mammal,,
47,28-Jul-18,3,Bird,,
47,28-Jul-18,3,Mammal,,
47,28-Jul-18,3,Mammal,,
47,28-Jul-18,3,Waterfowl,,
47,28-Jul-18,3,Waterfowl,,
47,28-Jul-18,3,Waterfowl,,
47,29-Jul-18,3,Bird,,
47,29-Jul-18,3,Bird,,
47,29-Jul-18,3,Mammal,,
47,29-Jul-18,3,Mammal,,
47,29-Jul-18,3,Unknown,,
47,29-Jul-18,3,Unknown,,
47,29-Jul-18,3,Waterfowl,,
47,30-Jul-18,3,Bird,,
47,30-Jul-18,3,Bird,,
47,30-Jul-18,3,Bird,,
47,30-Jul-18,3,Mammal,,
47,30-Jul-18,3,Unknown,,
47,30-Jul-18,3,Unknown,,
47,30-Jul-18,3,Unknown,,
47,31-Jul-18,3,Mammal,,
47,31-Jul-18,3,Mammal,,
47,31-Jul-18,3,Unknown,,
47,31-Jul-18,3,Waterfowl,,
53,18-Jul-18,2,Bird,,
53,18-Jul-18,2,Bird,,
53,19-Jul-18,3,Bird,,
53,19-Jul-18,3,Mammal,,
53,19-Jul-18,3,Mammal,,
53,20-Jul-18,3,Mammal,,
53,20-Jul-18,3,Mammal,,
53,20-Jul-18,3,Mammal,,
53,20-Jul-18,3,Mammal,,
53,20-Jul-18,3,Mammal,,
53,20-Jul-18,3,Mammal,,
53,21-Jul-18,3,Bird,,
53,21-Jul-18,3,Bird,,
53,21-Jul-18,3,Mammal,,
53,21-Jul-18,3,Mammal,,
53,21-Jul-18,3,Mammal,,
53,21-Jul-18,3,Mammal,,
53,21-Jul-18,3,Mammal,,
53,22-Jul-18,3,Bird,,
53,22-Jul-18,3,Mammal,,
53,22-Jul-18,3,Mammal,,
53,22-Jul-18,3,Mammal,,
53,22-Jul-18,3,Mammal,,
53,22-Jul-18,3,Other,,
53,22-Jul-18,3,Unknown,,
53,23-Jul-18,3,Bird,,
53,23-Jul-18,3,Mammal,,
53,23-Jul-18,3,Mammal,,
53,23-Jul-18,3,Mammal,,
53,23-Jul-18,3,Waterfowl,,
53,24-Jul-18,3,Bird,,
53,24-Jul-18,3,Mammal,,
53,24-Jul-18,3,Mammal,,
53,24-Jul-18,3,Mammal,,
53,24-Jul-18,3,Mammal,,
53,24-Jul-18,3,Mammal,,
53,24-Jul-18,3,Mammal,,
53,25-Jul-18,3,Bird,,
53,25-Jul-18,3,Bird,,
53,25-Jul-18,3,Bird,,
53,25-Jul-18,3,Bird,,
53,25-Jul-18,3,Bird,,
53,25-Jul-18,3,Mammal,,
53,25-Jul-18,3,Mammal,,
53,25-Jul-18,3,Mammal,,
53,26-Jul-18,3,Bird,,
53,26-Jul-18,3,Mammal,,
53,26-Jul-18,3,Mammal,,
53,26-Jul-18,3,Mammal,,
53,26-Jul-18,3,Mammal,,
53,26-Jul-18,3,Unknown,,
53,26-Jul-18,3,Unknown,,
53,27-Jul-18,3,Bird,,
53,27-Jul-18,3,Bird,,
53,27-Jul-18,3,Mammal,,
53,27-Jul-18,3,Mammal,,
53,27-Jul-18,3,Mammal,,
53,27-Jul-18,3,Mammal,,
53,27-Jul-18,3,Unknown,,
53,28-Jul-18,3,Bird,,
53,28-Jul-18,3,Bird,,
53,28-Jul-18,3,Mammal,,
53,28-Jul-18,3,Mammal,,
53,28-Jul-18,3,Mammal,,
53,28-Jul-18,3,Unknown,,
53,29-Jul-18,3,Bird,,
53,29-Jul-18,3,Bird,,
53,29-Jul-18,3,Mammal,,
53,29-Jul-18,3,Mammal,,
53,29-Jul-18,3,Mammal,,
53,29-Jul-18,3,Mammal,,
53,30-Jul-18,3,Bird,,
53,30-Jul-18,3,Bird,,
53,30-Jul-18,3,Bird,,
53,30-Jul-18,3,Bird,,
53,30-Jul-18,3,Bird,,
53,30-Jul-18,3,Bird,,
53,30-Jul-18,3,Mammal,,
53,30-Jul-18,3,Mammal,,
53,30-Jul-18,3,Other,,
53,31-Jul-18,3,Bird,,
53,31-Jul-18,3,Bird,,
53,31-Jul-18,3,Bird,,
53,31-Jul-18,3,Bird,,
53,31-Jul-18,3,Mammal,,
53,31-Jul-18,3,Mammal,,
53,31-Jul-18,3,Mammal,,
53,31-Jul-18,3,Mammal,,
53,31-Jul-18,3,Other,,
53,01-Aug-18,3,Bird,,
53,01-Aug-18,3,Bird,,
53,01-Aug-18,3,Bird,,
53,01-Aug-18,3,Mammal,,
53,01-Aug-18,3,Mammal,,
53,01-Aug-18,3,Mammal,,
53,01-Aug-18,3,Other,,
57,17-Jul-18,1,Mammal,,
57,17-Jul-18,1,Mammal,,
57,17-Jul-18,1,Mammal,,
57,18-Jul-18,2,Mammal,,
57,18-Jul-18,2,Mammal,,
57,19-Jul-18,2,Unknown,,
57,19-Jul-18,2,Unknown,,
57,20-Jul-18,2,Mammal,,
57,20-Jul-18,2,Mammal,,
57,20-Jul-18,2,Mammal,,
57,21-Jul-18,2,Mammal,,
57,21-Jul-18,2,Mammal,,
57,21-Jul-18,2,Other,,
57,21-Jul-18,2,Unknown,,
57,21-Jul-18,2,Unknown,,
57,21-Jul-18,2,Unknown,,
57,22-Jul-18,2,Mammal,,
57,22-Jul-18,2,Unknown,,
57,22-Jul-18,2,Unknown,,
57,23-Jul-18,2,Bird,,
57,23-Jul-18,2,Bird,,
57,23-Jul-18,2,Mammal,,
57,23-Jul-18,2,Mammal,,
57,24-Jul-18,2,Bird,,
57,24-Jul-18,2,Bird,,
57,24-Jul-18,2,Bird,,
57,24-Jul-18,2,Mammal,,
57,24-Jul-18,2,Mammal,,
57,25-Jul-18,2,Bird,,
57,25-Jul-18,2,Bird,,
57,25-Jul-18,2,Mammal,,
57,26-Jul-18,2,Bird,,
57,26-Jul-18,2,Mammal,,
57,26-Jul-18,2,Mammal,,
57,26-Jul-18,2,Mammal,,
75,12-Jul-18,1,Mammal,,
75,13-Jul-18,2,Bird,,
75,13-Jul-18,2,Bird,,
75,13-Jul-18,2,Mammal,,
75,13-Jul-18,2,Mammal,,
75,13-Jul-18,2,Unknown,,
75,14-Jul-18,2,Bird,,
75,14-Jul-18,2,Mammal,,
75,14-Jul-18,2,Mammal,,
75,14-Jul-18,2,Mammal,,
75,14-Jul-18,2,Mammal,,
75,14-Jul-18,2,Unknown,,
75,15-Jul-18,2,Bird,,
75,15-Jul-18,2,Mammal,,
75,15-Jul-18,2,Mammal,,
75,15-Jul-18,2,Mammal,,
75,15-Jul-18,2,Mammal,,
75,16-Jul-18,2,Bird,,
75,16-Jul-18,2,Mammal,,
75,16-Jul-18,2,Mammal,,
75,16-Jul-18,2,Mammal,,
75,16-Jul-18,2,Mammal,,
75,16-Jul-18,2,Mammal,,
75,16-Jul-18,2,Unknown,,
75,17-Jul-18,2,Bird,,
75,17-Jul-18,2,Mammal,,
75,17-Jul-18,2,Mammal,,
75,17-Jul-18,2,Mammal,,
75,17-Jul-18,2,Unknown,,
75,17-Jul-18,2,Unknown,,
75,17-Jul-18,2,Unknown,,
75,18-Jul-18,2,Bird,,
75,18-Jul-18,2,Bird,,
75,18-Jul-18,2,Bird,,
75,18-Jul-18,2,Mammal,,
75,18-Jul-18,2,Mammal,,
75,18-Jul-18,2,Other,,
75,18-Jul-18,2,Unknown,,
75,19-Jul-18,2,Mammal,,
75,23-Jul-18,2,Mammal,,
75,23-Jul-18,2,Mammal,,
75,23-Jul-18,2,Unknown,,
75,23-Jul-18,2,Unknown,,
75,24-Jul-18,2,Bird,,
75,24-Jul-18,2,Mammal,,
75,24-Jul-18,2,Mammal,,
75,24-Jul-18,2,Unknown,,
75,24-Jul-18,2,Unknown,,
75,25-Jul-18,2,Bird,,
75,25-Jul-18,2,Mammal,,
75,25-Jul-18,2,Mammal,,
75,25-Jul-18,2,Mammal,,
75,25-Jul-18,2,Mammal,,
75,25-Jul-18,2,Unknown,,
75,26-Jul-18,2,Mammal,,
75,26-Jul-18,2,Mammal,,
75,26-Jul-18,2,Mammal,,
75,26-Jul-18,2,Mammal,,
75,26-Jul-18,2,Mammal,,
75,26-Jul-18,2,Other,,
75,26-Jul-18,2,Unknown,,
75,27-Jul-18,1,Bird,,
75,27-Jul-18,2,Mammal,,
75,27-Jul-18,1,Mammal,,
75,27-Jul-18,1,Mammal,,
75,28-Jul-18,1,Bird,,
75,28-Jul-18,1,Bird,,
75,28-Jul-18,1,Mammal,,
75,28-Jul-18,1,Mammal,,
75,29-Jul-18,1,Bird,,
75,29-Jul-18,1,Mammal,,
75,29-Jul-18,1,Mammal,,
75,29-Jul-18,1,Mammal,,
75,29-Jul-18,1,Unknown,,
75,30-Jul-18,1,Bird,,
75,30-Jul-18,1,Bird,,
75,30-Jul-18,1,Unknown,,
75,31-Jul-18,1,Bird,,
75,31-Jul-18,1,Bird,,
75,31-Jul-18,1,Bird,,
75,31-Jul-18,1,Mammal,,
75,31-Jul-18,1,Mammal,,
75,01-Aug-18,1,Bird,,
75,01-Aug-18,1,Mammal,,
75,01-Aug-18,1,Unknown,,
75,01-Aug-18,1,Waterfowl,,
75,02-Aug-18,1,Mammal,,
75,02-Aug-18,1,Unknown,,
75,02-Aug-18,1,Waterfowl,,
75,03-Aug-18,1,Other ,,
75,03-Aug-18,1,Unknown,,
75,03-Aug-18,1,Unknown,,
75,03-Aug-18,1,Unknown,,
75,03-Aug-18,1,Waterfowl,,
75,04-Aug-18,1,Bird,,
75,04-Aug-18,1,Unknown,,
75,04-Aug-18,1,Unknown,,
75,04-Aug-18,1,Unknown,,
75,05-Aug-18,1,Bird,,
75,05-Aug-18,1,Bird,,
75,05-Aug-18,1,Unknown,,
75,06-Aug-18,1,Bird,,
75,06-Aug-18,1,Mammal,,
75,06-Aug-18,1,Unknown,,
75,06-Aug-18,1,Waterfowl,,
75,07-Aug-18,1,Unknown,,
75,07-Aug-18,1,Unknown,,
75,07-Aug-18,1,Unknown,,
75,07-Aug-18,1,Waterfowl,,
75,09-Aug-18,1,Unknown,,
75,09-Aug-18,1,Unknown,,
75,09-Aug-18,1,Waterfowl,,
75,10-Aug-18,1,Unknown,,
75,10-Aug-18,1,Unknown,,
75,14-Aug-18,1,Bird,,
75,15-Aug-18,1,Bird,,
75,16-Aug-18,1,Bird,,
75,16-Aug-18,1,Waterfowl,,
75,17-Aug-18,1,Unknown,,
77,17-Jul-18,2,Bird,,
77,17-Jul-18,2,Mammal,,
77,18-Jul-18,2,Bird,,
77,18-Jul-18,2,Bird,,
77,19-Jul-18,3,Bird,,
77,19-Jul-18,2,Mammal,,
77,19-Jul-18,2,Mammal,,
77,19-Jul-18,3,Mammal,,
77,20-Jul-18,3,Bird,,
77,20-Jul-18,3,Mammal,,
77,20-Jul-18,3,Mammal,,
77,20-Jul-18,3,Mammal,,
77,20-Jul-18,3,Other,,
77,20-Jul-18,3,Unknown,,
77,21-Jul-18,3,Mammal,,
77,21-Jul-18,3,Mammal,,
77,21-Jul-18,3,Other,,
77,21-Jul-18,3,Other,,
77,21-Jul-18,3,Other,,
77,21-Jul-18,3,Other,,
77,21-Jul-18,3,Waterfowl,,
77,22-Jul-18,3,Bird,,
77,22-Jul-18,3,Bird,,
77,22-Jul-18,3,Bird,,
77,22-Jul-18,3,Mammal,,
77,22-Jul-18,3,Mammal,,
77,22-Jul-18,3,Unknown,,
77,22-Jul-18,3,Unknown,,
77,22-Jul-18,3,Unknown,,
77,23-Jul-18,3,Bird,,
77,23-Jul-18,3,Bird,,
77,23-Jul-18,3,Mammal,,
77,23-Jul-18,3,Mammal,,
77,23-Jul-18,3,Mammal,,
77,24-Jul-18,3,Bird,,
77,24-Jul-18,3,Mammal,,
77,24-Jul-18,3,Mammal,,
77,24-Jul-18,3,Other,,
77,24-Jul-18,3,Other,,
77,24-Jul-18,3,Unknown,,
77,24-Jul-18,3,Unknown,,
77,25-Jul-18,3,Mammal,,
77,25-Jul-18,3,Unknown,,
77,25-Jul-18,3,Waterfowl,,
77,26-Jul-18,3,Bird,,
77,26-Jul-18,3,Mammal,,
77,26-Jul-18,3,Other,,
77,26-Jul-18,3,Unknown,,
77,26-Jul-18,3,Unknown,,
77,26-Jul-18,3,Unknown,,
77,27-Jul-18,3,Bird,,
77,27-Jul-18,3,Unknown,,
77,27-Jul-18,3,Unknown,,
77,28-Jul-18,3,Mammal,,
77,28-Jul-18,3,Mammal,,
77,28-Jul-18,3,Unknown,,
77,28-Jul-18,3,Unknown,,
77,28-Jul-18,3,Unknown,,
77,29-Jul-18,3,Unknown,,
77,29-Jul-18,3,Unknown,,
77,29-Jul-18,3,Unknown,,
77,29-Jul-18,3,Unknown,,
77,29-Jul-18,3,Unknown,,
77,29-Jul-18,3,Unknown,,
77,29-Jul-18,3,Unknown,,
77,29-Jul-18,3,Unknown,,
77,29-Jul-18,3,Unknown,,
77,29-Jul-18,3,Unknown,,
77,30-Jul-18,3,Bird,,
77,30-Jul-18,3,Mammal,,
77,30-Jul-18,3,Unknown,,
77,30-Jul-18,3,Unknown,,
77,30-Jul-18,3,Unknown,,
77,30-Jul-18,3,Unknown,,
77,30-Jul-18,3,Unknown,,
77,30-Jul-18,3,Unknown,,
77,30-Jul-18,3,Unknown,,
77,30-Jul-18,3,Unknown,,
77,31-Jul-18,3,Bird,,
77,31-Jul-18,3,Bird,,
77,31-Jul-18,3,Bird,,
77,31-Jul-18,3,Bird,,
77,31-Jul-18,3,Mammal,,
77,31-Jul-18,3,Mammal,,
77,31-Jul-18,3,Mammal,,
77,31-Jul-18,3,Unknown,,
77,31-Jul-18,3,Unknown,,
77,31-Jul-18,3,Unknown,,
77,31-Jul-18,3,Unknown,,
77,31-Jul-18,3,Unknown,,
77,31-Jul-18,3,Unknown,,
77,31-Jul-18,3,Unknown,,
77,01-Aug-18,3,Bird,,
77,01-Aug-18,3,Bird,,
77,01-Aug-18,3,Mammal,,
77,01-Aug-18,3,Mammal,,
77,01-Aug-18,3,Unknown,,
77,01-Aug-18,3,Unknown,,
77,01-Aug-18,3,Unknown,,
77,01-Aug-18,3,Unknown,,
77,01-Aug-18,3,Waterfowl,,
77,02-Aug-18,3,Bird,,
77,02-Aug-18,3,Mammal,,
77,02-Aug-18,3,Mammal,,
77,02-Aug-18,3,Mammal,,
77,02-Aug-18,3,Unknown,,
77,02-Aug-18,3,Unknown,,
77,02-Aug-18,3,Waterfowl,,
77,02-Aug-18,3,Waterfowl,,
77,03-Aug-18,3,Bird,,
77,03-Aug-18,3,Bird,,
77,03-Aug-18,2,Bird,,
77,03-Aug-18,3,Unknown,,
77,03-Aug-18,3,Unknown,,
77,03-Aug-18,3,Unknown,,
77,04-Aug-18,1,Bird,,
77,04-Aug-18,1,Bird,,
77,04-Aug-18,2,Unknown,,
77,04-Aug-18,1,Waterfowl,,
77,05-Aug-18,1,Other,,
77,05-Aug-18,1,Unknown,,
77,06-Aug-18,1,Bird,,
77,06-Aug-18,1,Bird,,
77,06-Aug-18,1,Bird,,
77,06-Aug-18,1,Unknown,,
77,06-Aug-18,1,Waterfowl,,
77,07-Aug-18,1,Unknown,,
77,07-Aug-18,1,Unknown,,
77,07-Aug-18,1,Unknown,,
77,08-Aug-18,1,Bird,,
77,08-Aug-18,1,Mammal,,
77,09-Aug-18,1,Mammal,,
77,09-Aug-18,1,Mammal,,
77,09-Aug-18,1,Unknown,,
77,09-Aug-18,1,Waterfowl,,
77,10-Aug-18,1,Unknown,,
77,11-Aug-18,1,Unknown,,
77,12-Aug-18,1,Bird,,
77,12-Aug-18,1,Unknown,,
77,13-Aug-18,1,Bird,,
77,13-Aug-18,1,Bird,,
77,13-Aug-18,1,Bird,,
77,13-Aug-18,1,Bird,,
77,13-Aug-18,1,Bird,,
77,14-Aug-18,1,Bird,,
77,14-Aug-18,1,Bird,,
77,14-Aug-18,1,Bird,,
77,14-Aug-18,1,Bird,,
77,15-Aug-18,1,Bird,,
78,17-Jul-18,1,Mammal,,
78,19-Jul-18,2,Bird,,
78,19-Jul-18,2,Unknown,,
78,20-Jul-18,2,Mammal,,
78,20-Jul-18,2,Unknown,,
78,21-Jul-18,2,Bird,,
78,21-Jul-18,2,Bird,,
78,21-Jul-18,2,Mammal,,
78,21-Jul-18,2,Mammal,,
78,21-Jul-18,2,Mammal,,
78,21-Jul-18,2,Unknown,,
78,22-Jul-18,2,Unknown,,
78,23-Jul-18,2,Mammal,,
78,23-Jul-18,2,Mammal,,
78,23-Jul-18,2,Mammal,,
78,23-Jul-18,2,Mammal,,
78,23-Jul-18,2,Mammal,,
78,23-Jul-18,2,Unknown,,
78,24-Jul-18,2,Mammal,,
78,24-Jul-18,2,Mammal,,
78,24-Jul-18,2,Mammal,,
78,24-Jul-18,2,Mammal,,
78,24-Jul-18,2,Mammal,,
78,24-Jul-18,2,Mammal,,
78,25-Jul-18,2,Bird,,
78,25-Jul-18,2,Mammal,,
78,25-Jul-18,2,Mammal,,
78,25-Jul-18,2,Mammal,,
78,25-Jul-18,2,Mammal,,
78,25-Jul-18,2,Mammal,,
78,25-Jul-18,2,Mammal,,
78,26-Jul-18,2,Mammal,,
78,26-Jul-18,2,Mammal,,
78,26-Jul-18,2,Mammal,,
78,26-Jul-18,2,Unknown,,
78,27-Jul-18,2,Bird,,
78,27-Jul-18,2,Bird,,
78,27-Jul-18,2,Mammal,,
78,27-Jul-18,2,Unknown,,
78,27-Jul-18,2,Unknown,,
78,28-Jul-18,2,Bird,,
78,28-Jul-18,2,Bird,,
78,28-Jul-18,2,Mammal,,
78,28-Jul-18,2,Mammal,,
78,28-Jul-18,2,Mammal,,
78,29-Jul-18,2,Mammal,,
78,29-Jul-18,2,Mammal,,
78,29-Jul-18,2,Mammal,,
78,30-Jul-18,2,Bird,,
78,30-Jul-18,2,Bird,,
78,30-Jul-18,2,Mammal,,
78,30-Jul-18,2,Mammal,,
78,30-Jul-18,2,Mammal,,
78,30-Jul-18,2,Mammal,,
78,30-Jul-18,2,Unknown,,
78,31-Jul-18,2,Bird,,
78,31-Jul-18,2,Mammal,,
78,31-Jul-18,2,Mammal,,
78,31-Jul-18,2,Mammal,,
78,31-Jul-18,2,Mammal,,
78,31-Jul-18,2,Mammal,,
78,31-Jul-18,2,Unknown,,
78,01-Aug-18,2,Bird,,
78,01-Aug-18,2,Bird,,
78,01-Aug-18,2,Mammal,,
78,01-Aug-18,2,Mammal,,
78,01-Aug-18,2,Mammal,,
78,01-Aug-18,2,Mammal,,
78,01-Aug-18,2,Mammal,,
78,01-Aug-18,2,Other,,
78,01-Aug-18,2,Waterfowl,,
78,02-Aug-18,2,Bird,,
78,02-Aug-18,2,Bird,,
78,02-Aug-18,2,Bird,,
78,02-Aug-18,2,Bird,,
78,02-Aug-18,2,Bird,,
78,02-Aug-18,2,Bird,,
78,02-Aug-18,2,Mammal,,
78,02-Aug-18,2,Mammal,,
78,02-Aug-18,2,Mammal,,
78,02-Aug-18,2,Other,,
78,02-Aug-18,2,Unknown,,
78,03-Aug-18,2,Bird,,
78,03-Aug-18,2,Bird,,
78,03-Aug-18,2,Unknown,,
78,03-Aug-18,2,Waterfowl,,
78,05-Aug-18,2,Bird,,
78,05-Aug-18,2,Bird,,
78,05-Aug-18,2,Waterfowl,,
78,06-Aug-18,2,Bird,,
78,06-Aug-18,2,Mammal,,
78,06-Aug-18,2,Other,,
78,06-Aug-18,2,Other,,
78,06-Aug-18,2,Other,,
78,06-Aug-18,2,Waterfowl,,
78,07-Aug-18,2,Bird,,
78,07-Aug-18,2,Bird,,
78,07-Aug-18,2,Bird,,
78,07-Aug-18,2,Bird,,
78,07-Aug-18,2,Mammal,,
78,07-Aug-18,2,Other,,
78,07-Aug-18,2,Unknown,,
78,07-Aug-18,2,Waterfowl,,
78,08-Aug-18,2,Bird,,
78,08-Aug-18,2,Bird,,
78,08-Aug-18,2,Bird,,
78,08-Aug-18,2,Bird,,
78,08-Aug-18,2,Bird,,
78,08-Aug-18,2,Mammal,,
78,08-Aug-18,2,Other,,
78,08-Aug-18,2,Other,,
78,08-Aug-18,2,Unknown,,
78,08-Aug-18,2,Waterfowl,,
78,08-Aug-18,2,Waterfowl,,
78,09-Aug-18,2,Bird,,
78,09-Aug-18,2,Bird,,
78,09-Aug-18,2,Bird,,
78,09-Aug-18,2,Bird,,
78,09-Aug-18,2,Bird,,
78,09-Aug-18,2,Other,,
78,09-Aug-18,2,Waterfowl,,
80,17-Jul-18,3,Bird,,
80,17-Jul-18,3,Unknown,,
80,18-Jul-18,3,Unknown,,
80,19-Jul-18,3,Mammal,,
80,20-Jul-18,3,Bird,,
80,20-Jul-18,3,Bird,,
80,20-Jul-18,3,Unknown,,
80,20-Jul-18,3,Unknown,,
80,20-Jul-18,3,Unknown,,
80,21-Jul-18,3,Bird,,
80,21-Jul-18,3,Unknown,,
80,21-Jul-18,3,Unknown,,
80,21-Jul-18,3,Unknown,,
80,22-Jul-18,3,Unknown,,
80,22-Jul-18,3,Unknown,,
80,22-Jul-18,3,Unknown,,
80,23-Jul-18,3,Bird,,
80,23-Jul-18,3,Bird,,
80,23-Jul-18,3,Bird,,
80,23-Jul-18,3,Unknown,,
80,24-Jul-18,3,Bird,,
80,24-Jul-18,3,Bird,,
80,24-Jul-18,3,Other,,
80,24-Jul-18,3,Other ,,
80,24-Jul-18,3,Unknown,,
80,24-Jul-18,3,Unknown,,
80,25-Jul-18,3,Bird,,
80,25-Jul-18,3,Bird,,
80,26-Jul-18,3,Bird,,
80,26-Jul-18,3,Other,,
80,27-Jul-18,3,Bird,,
80,27-Jul-18,3,Mammal,,
80,27-Jul-18,3,Other,,
80,28-Jul-18,3,Bird,,
80,28-Jul-18,3,Mammal,,
80,28-Jul-18,3,Unknown,,
80,28-Jul-18,3,Unknown,,
80,29-Jul-18,3,Bird,,
80,29-Jul-18,3,Bird,,
80,29-Jul-18,3,Other,,
80,29-Jul-18,3,Unknown,,
80,29-Jul-18,3,Unknown,,
80,29-Jul-18,3,Waterfowl,,
80,30-Jul-18,3,Bird,,
80,30-Jul-18,3,Other,,
80,30-Jul-18,3,Other,,
80,30-Jul-18,3,Unknown,,
80,30-Jul-18,3,Unknown,,
80,30-Jul-18,3,Unknown,,
80,30-Jul-18,3,Unknown,,
80,30-Jul-18,3,Unknown,,
80,31-Jul-18,3,Bird,,
80,31-Jul-18,3,Bird,,
80,31-Jul-18,3,Mammal,,
80,31-Jul-18,3,Unknown,,
80,31-Jul-18,3,Unknown,,
80,31-Jul-18,3,Unknown,,
80,01-Aug-18,3,Bird,,
80,01-Aug-18,3,Bird,,
80,01-Aug-18,3,Other,,
80,01-Aug-18,3,Other,,
80,01-Aug-18,3,Unknown,,
80,01-Aug-18,3,Unknown,,
80,01-Aug-18,3,Unknown,,
80,01-Aug-18,3,Waterfowl,,
80,02-Aug-18,3,Other,,
80,02-Aug-18,3,Unknown,,
80,02-Aug-18,3,Unknown,,
80,02-Aug-18,3,Unknown,,
80,02-Aug-18,3,Unknown,,
80,02-Aug-18,3,Unknown,,
80,03-Aug-18,3,Unknown,,
80,03-Aug-18,3,Unknown,,
97,15-Jul-18,1,Waterfowl,,
97,16-Jul-18,1,Bird,,
97,16-Jul-18,1,Waterfowl,,
97,17-Jul-18,1,Bird,,
97,17-Jul-18,1,Bird,,
97,18-Jul-18,2,Bird,,
97,18-Jul-18,2,Waterfowl,,
97,19-Jul-18,3,Unknown,,
97,20-Jul-18,3,Other,,
97,21-Jul-18,3,Unknown,,
97,21-Jul-18,3,Unknown,,
97,22-Jul-18,3,Bird,,
97,22-Jul-18,3,Unknown,,
97,23-Jul-18,3,Bird,,
97,23-Jul-18,3,Bird,,
97,23-Jul-18,3,Bird,,
97,23-Jul-18,3,Waterfowl,,
97,24-Jul-18,3,Bird,,
97,24-Jul-18,3,Unknown,,
97,24-Jul-18,3,Unknown,,
97,24-Jul-18,3,Waterfowl,,
97,25-Jul-18,3,Bird,,
97,25-Jul-18,3,Bird,,
97,25-Jul-18,3,Waterfowl,,
97,26-Jul-18,2,Unknown,,
97,26-Jul-18,2,Unknown,,
97,27-Jul-18,2,Bird,,
97,27-Jul-18,2,Mammal,,
97,27-Jul-18,2,Unknown,,
97,27-Jul-18,2,Waterfowl,,
97,28-Jul-18,2,Bird,,
97,28-Jul-18,2,Bird,,
97,28-Jul-18,2,Other,,
97,28-Jul-18,2,Waterfowl,,
97,29-Jul-18,2,Bird,,
97,29-Jul-18,2,Other,,
97,29-Jul-18,2,Waterfowl,,
97,30-Jul-18,2,Bird,,
97,30-Jul-18,2,Unknown,,
97,31-Jul-18,2,Bird,,
97,31-Jul-18,2,Mammal,,
97,01-Aug-18,2,Unknown,,
97,01-Aug-18,2,Unknown,,
97,01-Aug-18,2,Waterfowl,,
97,02-Aug-18,2,Bird,,
97,02-Aug-18,2,Unknown,,
97,02-Aug-18,2,Waterfowl,,
97,03-Aug-18,2,Bird,,
97,03-Aug-18,2,Bird,,
97,03-Aug-18,2,Waterfowl,,
97,04-Aug-18,2,Bird,,
97,04-Aug-18,2,Bird,,
97,04-Aug-18,2,Bird,,
97,04-Aug-18,2,Unknown,,
97,05-Aug-18,2,Bird,,
97,05-Aug-18,2,Bird,,
97,05-Aug-18,2,Bird,,
97,05-Aug-18,2,Bird,,
97,06-Aug-18,2,Bird,,
97,06-Aug-18,2,Bird,,
97,06-Aug-18,2,Bird,,
97,06-Aug-18,2,Bird,,
97,06-Aug-18,2,Bird,,
97,06-Aug-18,2,Bird,,
97,06-Aug-18,2,Bird,,
97,06-Aug-18,2,Unknown,,
147,17-Jul-18,2,Mammal,,
147,17-Jul-18,2,Mammal,,
147,17-Jul-18,2,Mammal,,
147,18-Jul-18,2,Mammal,,
147,18-Jul-18,2,Mammal,,
147,18-Jul-18,2,Unknown,,
147,19-Jul-18,1,Bird,,
147,19-Jul-18,1,Mammal,,
147,19-Jul-18,1,Mammal,,
147,20-Jul-18,1,Bird,,
147,20-Jul-18,1,Mammal,,
147,20-Jul-18,1,Waterfowl,,
147,20-Jul-18,1,Waterfowl,,